Wild Mammals,Protected areas,Marine mammals,Primary production,Antartica aimals,Deep ocean ,landscape ecology,invasive species,Physiology,ecosystem services,genetics,Site Selection,Aquatic invertebrates,movement ecology,Miscellaneous biotopes,Plant interaction,Traditional/indigenous knowledge,Risk assessment,North American biogeography,North American Plains Mammals,Southern Hemisphere Savannas,Brazilian biodiversity hotspot,Taxonomy,Food webs,wildfires,Island,Climate Change,Spatial scale,Animal disease,Wetlands,Agriculture,Urbanization,Restoration,Inherited traits,Amazon,Marine bird migration,Estimation (Methods),Soil systems,Seeds,mark-recapture studies,Coastal areas,Forest and Waterfowl Species,Southern Coast US,Plant community,Habitat,Bats,Shipping,Species diversity,Morphology,Statistical Modeling (Method),functional group,Population/demography,Bird ecology,Measurement & metrics (method),Invertebrates,"Mexico, Central, and Southamerica",Forage,Aquatic invasive mollusks,China,Grasslands,human-nature interactions,museum collections,Rivers and watersheds,forest/trees,Raptors,Europe,Coral reef,population genetics,Mountain areas/elevation,Reintroductions,Small arctic mammals,Mushrooms,Mediterranean,South and Southeast Asia,Hunting/poaching,Sexula Dimorphism,Fish,Animal behaviour,UK,Dispersal,Drought stress,Pollution and contamination,Random animals,Treatment/Experiment (method),Estuary ,Fossil record,Remote sensing,Prairie,Season words,Generic research words,Threatened status of species,Sustainable development,Water ecosystems,Large carnivores,Conservation plan,Pollination,Marine fisheries,Unknown,Lepidoptera,Study impacts and limitations,paper_id,Times.Cited..All.Databases,Publication Year,Type
0.002632901,0.017002181,0.002576464,0.008707333,0.008254064,0.013635859,0.015440066,0.014764338,0.006616299,0.009838189,0.015931708,0.009637626,0.003497585,0.006098859,0.00358103,0.002279695,0.012863083,0.010179564,0.015974477,0.003931161,0.01070943,0.007761067,0.02843067,0.009336767,0.015180327,0.007718843,0.015601268,0.024049108,0.007075234,0.003357299,0.008896732,0.002819714,0.012717402,0.010503589,0.002675107,0.003631994,0.021614896,0.013863884,0.008560748,0.007031109,0.004670144,0.004111921,0.006086286,0.011469386,0.011756605,0.006080618,0.004064029,0.028801042,0.010518482,0.020203079,0.021566648,0.027207403,0.009864154,0.025150346,0.008425351,0.008454855,0.00524692,0.002944686,0.004079759,0.01117275,0.011741917,0.024677375,0.009609332,0.012015919,0.003842721,0.013140286,0.005269057,0.026706565,0.007423927,0.007654785,0.004720941,0.004262467,0.003126427,0.00533421,0.006856796,0.015291636,0.005429587,0.006589664,0.003832903,0.005669572,0.004656138,0.007023674,0.003523401,0.009956663,0.005173868,0.015315283,0.008604445,0.003431307,0.015578394,0.027265438,0.014785813,0.009958705,0.009295041,0.006068898,0.017041043,0.005208689,0.006312472,0.003564395,0.005535479,0.001652633,60921.52393,36.68474793,2007,Funded
0.003315696,0.01636137,0.004527646,0.009646722,0.009593331,0.011022505,0.012971961,0.017094189,0.004419564,0.009431689,0.029211479,0.008820356,0.003530101,0.005660901,0.00424231,0.002551888,0.007756413,0.010333782,0.016018448,0.00448183,0.0090711,0.006194929,0.029652055,0.009254796,0.015264425,0.007640349,0.016796839,0.022368999,0.007917915,0.003636238,0.008418956,0.002908459,0.012923933,0.010478111,0.003691761,0.0026178,0.022464384,0.014343039,0.007116327,0.00713799,0.004950298,0.002418915,0.007783902,0.01215663,0.010867766,0.006698488,0.004545263,0.024577941,0.012860429,0.017184187,0.02019024,0.027430739,0.009500722,0.02271497,0.009731547,0.008343087,0.005428826,0.003292435,0.003620374,0.010925308,0.014845237,0.022202575,0.010140639,0.010641488,0.004716469,0.011850848,0.005165001,0.025706291,0.006443844,0.007139274,0.005575166,0.00436698,0.003687349,0.00637604,0.006889219,0.016198703,0.005733924,0.007562401,0.003100006,0.006801589,0.005235265,0.007435622,0.004204916,0.0085884,0.006286045,0.010096457,0.007884298,0.004158969,0.017218166,0.029985869,0.01335941,0.012402061,0.008452087,0.006240378,0.014651852,0.004776176,0.006659605,0.003272314,0.006174601,0.001661815,61793.38601,35.35297357,2008,Funded
0.003280382,0.014384705,0.002078595,0.009899832,0.008325633,0.009417379,0.013873259,0.017350819,0.005789025,0.009400076,0.06027937,0.00871493,0.004108731,0.005084412,0.003403973,0.002335181,0.010241705,0.006764447,0.015568578,0.004120506,0.008908319,0.007626883,0.031609888,0.009327151,0.014606704,0.006525863,0.018809831,0.025445275,0.008172826,0.003724501,0.007478277,0.003591047,0.012031111,0.011159531,0.002283206,0.002722176,0.020709183,0.015500992,0.005717781,0.00592384,0.004036682,0.002916945,0.0063617,0.01120221,0.011859755,0.006222645,0.004133393,0.026533394,0.010274187,0.022491428,0.020450077,0.024026517,0.008819121,0.022394118,0.010043557,0.008513601,0.005907231,0.003389567,0.004282685,0.010714552,0.012187744,0.022146705,0.008153434,0.011079736,0.004003842,0.011875059,0.004328195,0.023615756,0.007835345,0.005084973,0.004846065,0.004090749,0.003215385,0.004556192,0.006361508,0.014705695,0.004511515,0.006825653,0.003226808,0.005233702,0.005636832,0.007686802,0.004919926,0.008006347,0.006809736,0.010588394,0.007931266,0.004028351,0.01595573,0.023952864,0.013629928,0.009201349,0.008336139,0.006328718,0.017120671,0.004897327,0.005829351,0.003317084,0.005456106,0.001613733,63284.64515,32.18776371,2009,Funded
0.003061993,0.016093944,0.002433832,0.00947841,0.006639327,0.009091018,0.014268149,0.024281085,0.004936293,0.013599208,0.020314095,0.008383065,0.004638226,0.005782229,0.003531269,0.002529336,0.007655638,0.006499806,0.015475788,0.003623151,0.009914342,0.013412062,0.021409477,0.010523401,0.015599542,0.009427266,0.022530401,0.025708545,0.010411839,0.003451831,0.008032117,0.003975758,0.013103771,0.011379509,0.003939783,0.003586306,0.018872044,0.015851187,0.006952405,0.007166128,0.004490284,0.003203662,0.007298698,0.014230438,0.012066766,0.005234322,0.004713718,0.028766946,0.008368948,0.021848495,0.022346333,0.02491338,0.008015779,0.022694297,0.011230232,0.008350453,0.006002455,0.003500904,0.004391164,0.011902856,0.013110502,0.022884653,0.009995854,0.009848773,0.00325297,0.012869106,0.004601549,0.025233063,0.007438043,0.007188278,0.004258685,0.004672726,0.00290128,0.005403944,0.006960915,0.013730548,0.005951082,0.00722185,0.002669004,0.005905626,0.00530103,0.004273894,0.004318933,0.008204872,0.004925646,0.010322829,0.008142886,0.003795015,0.015958223,0.030026655,0.014805769,0.00951512,0.008645851,0.006012601,0.017819636,0.004946466,0.005910751,0.00311256,0.005049613,0.001679492,64289.33957,34.47622613,2010,Funded
0.003227748,0.017489324,0.003444261,0.009963052,0.00589879,0.009163973,0.013246719,0.018667446,0.005585145,0.012556742,0.018826055,0.008278178,0.004536719,0.006558769,0.003220332,0.002731572,0.00882521,0.006459878,0.015857522,0.005160764,0.010119695,0.016420351,0.018466265,0.010480469,0.014979529,0.00709411,0.023912139,0.027664,0.009802182,0.00368035,0.009252094,0.004519792,0.012790643,0.011496292,0.002485933,0.002811841,0.023756058,0.018028806,0.006759224,0.008631563,0.004313408,0.003242641,0.007297488,0.01152178,0.012145568,0.006874057,0.004762547,0.027868483,0.007281302,0.022505597,0.020661511,0.027265745,0.007946033,0.02245637,0.008653986,0.00801496,0.006210531,0.003501883,0.004008032,0.011007865,0.014111276,0.022467295,0.009150915,0.009193792,0.00440664,0.012864947,0.006702062,0.02008916,0.006971328,0.00583767,0.004806876,0.003637529,0.003536941,0.004154466,0.006168671,0.013394383,0.006177425,0.007310388,0.00297871,0.005538634,0.00556583,0.005512646,0.003977492,0.0078489,0.003859445,0.009007774,0.009699556,0.004795447,0.016265917,0.0312775,0.014731442,0.010811909,0.007887548,0.006439751,0.020088651,0.004555502,0.007501353,0.003289921,0.005360621,0.001634366,63981.37148,33.06518519,2011,Funded
0.003257896,0.015545285,0.003824648,0.009191054,0.006599433,0.009450456,0.012996678,0.015486709,0.009689082,0.013362526,0.030446775,0.008303735,0.004364269,0.007059812,0.00347236,0.002425986,0.008761539,0.006513959,0.015651619,0.003931596,0.009109415,0.010017435,0.021084214,0.008946458,0.014566973,0.005888058,0.025149812,0.025947972,0.008147512,0.003615465,0.01055222,0.004282099,0.013705967,0.010182463,0.003472779,0.002882289,0.023410817,0.016456058,0.00597279,0.008185093,0.004608589,0.002765267,0.007230745,0.011252112,0.01110139,0.005156216,0.004849315,0.027928153,0.006948016,0.022234529,0.021586976,0.02309094,0.008894267,0.029204552,0.008247954,0.008914676,0.005909862,0.002903243,0.003235641,0.010750955,0.014339002,0.021694418,0.009371634,0.00977492,0.004159049,0.012781781,0.005326429,0.024222448,0.006899926,0.006752597,0.004834921,0.005097229,0.003515781,0.004060034,0.007610742,0.011930388,0.005367976,0.006755134,0.003317302,0.00517678,0.005375085,0.006071538,0.003244719,0.008957666,0.005346975,0.008878188,0.009561501,0.004481563,0.016146163,0.028502165,0.012993632,0.013825296,0.009160681,0.005833505,0.016389766,0.006329836,0.007087961,0.0031565,0.005266491,0.001677573,63997.94412,29.57506908,2012,Funded
0.002974288,0.015744677,0.003700051,0.008304013,0.006774723,0.008292538,0.012554977,0.015402311,0.005369368,0.013539151,0.03811536,0.007570588,0.003889137,0.007521946,0.003431833,0.002095449,0.011050263,0.008755523,0.013236534,0.003892519,0.008908496,0.012209364,0.024259341,0.009609796,0.013798542,0.005970564,0.026391549,0.026704085,0.0092183,0.003395955,0.008760011,0.004312744,0.014116235,0.011034169,0.003038508,0.002117189,0.022694541,0.013433533,0.005405512,0.007396818,0.004533326,0.003723323,0.005911909,0.01041756,0.011306146,0.005777476,0.004484349,0.027712474,0.008610858,0.022659376,0.020325913,0.024558467,0.00708852,0.029318733,0.00897416,0.009942736,0.005789131,0.002737171,0.003916385,0.01078314,0.015352765,0.020502313,0.008706758,0.008486259,0.004510767,0.012660239,0.006201723,0.022498023,0.005963523,0.006204715,0.003653607,0.004029381,0.002956008,0.00424036,0.008551727,0.011950629,0.005762546,0.007015562,0.002423101,0.006023272,0.005738949,0.007773747,0.003575373,0.009019536,0.004627352,0.008508256,0.009670061,0.003645014,0.013698641,0.031011451,0.013304381,0.013885957,0.007466539,0.006135638,0.018833784,0.005016562,0.007520463,0.00312251,0.004607161,0.001583691,65408.96613,25.13322684,2013,Funded
0.003148027,0.014664647,0.004850218,0.007083948,0.003318622,0.007994683,0.010836385,0.015078185,0.006213621,0.014695243,0.034115666,0.007171225,0.004441099,0.006492007,0.00357099,0.002529478,0.011690984,0.008975581,0.013619187,0.003092559,0.008323541,0.009658597,0.019836326,0.009110309,0.012621044,0.005738055,0.025740428,0.026240257,0.008085993,0.003493524,0.009003195,0.005447713,0.013294545,0.011343143,0.00274265,0.002563454,0.024349088,0.014753496,0.004133838,0.009872133,0.004676544,0.002867517,0.005978416,0.008798367,0.010325364,0.004235375,0.005139292,0.025459497,0.009511952,0.022389947,0.020341958,0.022998102,0.007054963,0.02972532,0.007587314,0.009467619,0.00580615,0.003386795,0.004168995,0.00940271,0.017795526,0.020209157,0.008421085,0.008185463,0.003496412,0.012272028,0.00512706,0.024006974,0.006247655,0.007551254,0.003842785,0.003811411,0.0037993,0.00527649,0.007048939,0.011606022,0.005561437,0.008120327,0.002663487,0.004481534,0.006050038,0.008793408,0.003143874,0.009110573,0.00520459,0.011396173,0.009882868,0.002750549,0.014820305,0.036202931,0.013744546,0.016618353,0.008906424,0.007034702,0.025715409,0.00395496,0.008744457,0.002443403,0.005111218,0.001590996,65643.92261,21.86245466,2014,Funded
0.00257702,0.014992132,0.005196298,0.008018088,0.005292793,0.009090835,0.011876296,0.019969604,0.008712483,0.015345097,0.025331778,0.007347588,0.004545923,0.008929467,0.003355966,0.002578999,0.011144611,0.010281407,0.013358641,0.003381991,0.008558042,0.007994051,0.020793469,0.009038954,0.014058041,0.005662147,0.026476112,0.026553999,0.009229962,0.003154606,0.010441713,0.005352045,0.014114016,0.01149155,0.002938739,0.001763133,0.023386479,0.014835969,0.004338971,0.007842803,0.004280129,0.0027395,0.007581446,0.010060761,0.010895914,0.005421202,0.00488428,0.025191581,0.006603955,0.019455853,0.019599794,0.02254376,0.007199146,0.026852749,0.007391821,0.008369162,0.006076883,0.004158022,0.003720052,0.008958961,0.01816129,0.021618817,0.0085065,0.007609772,0.003547204,0.012795832,0.006195993,0.019212766,0.006146975,0.007128831,0.004115763,0.003319322,0.004983997,0.00524078,0.007797194,0.010720766,0.006743759,0.007508884,0.002588637,0.005162637,0.006489559,0.011571793,0.002875402,0.010676693,0.005271008,0.009716687,0.010148241,0.002918993,0.015053182,0.033476266,0.013026934,0.017470957,0.009205483,0.006425947,0.024207574,0.003864567,0.00750127,0.00283392,0.005234043,0.001588973,63767.92836,20.06899286,2015,Funded
0.002618151,0.014381255,0.004807323,0.009546142,0.005388588,0.011687375,0.011328686,0.017598583,0.007491436,0.015945034,0.016152969,0.00752427,0.004564662,0.007013846,0.003735951,0.002103809,0.009262485,0.00944392,0.012743268,0.002980304,0.008065879,0.008709822,0.018353113,0.009362437,0.012918297,0.004506322,0.028561336,0.030687007,0.008256877,0.004787002,0.008904179,0.00733799,0.013993136,0.011486219,0.002947421,0.002610014,0.024398711,0.016541325,0.004440589,0.007626654,0.004780277,0.002620993,0.005833998,0.010226039,0.010862645,0.004960024,0.005302021,0.027669938,0.007352611,0.022369425,0.021907577,0.023098279,0.007346457,0.032484499,0.007598843,0.005817581,0.006270667,0.003937424,0.003980873,0.009699434,0.016499142,0.020444131,0.010538656,0.008647989,0.003732067,0.011718625,0.005963692,0.019264848,0.006006918,0.006797716,0.003640205,0.003473197,0.004972756,0.004797044,0.007241818,0.010569646,0.007042869,0.008115001,0.002253535,0.004786585,0.007665478,0.013449144,0.002987667,0.010785429,0.006401706,0.009949142,0.011924158,0.003108179,0.015396632,0.028847134,0.011332821,0.016856387,0.012938938,0.006090048,0.020352581,0.003995534,0.007558578,0.00272006,0.004716237,0.001485712,102898.3502,18.55281526,2016,Funded
0.00316556,0.014724105,0.006064425,0.00952667,0.006531747,0.010160717,0.011773849,0.018017581,0.009486771,0.015995789,0.023926963,0.007353313,0.004495179,0.008340085,0.003661198,0.002270283,0.010123523,0.008064409,0.013009797,0.002655026,0.00801552,0.008194043,0.016561848,0.009216489,0.013126292,0.004985569,0.03093269,0.029431565,0.009313607,0.004226252,0.009221516,0.007904769,0.014356865,0.011151438,0.003233846,0.002643287,0.024194493,0.018294065,0.004438721,0.007754032,0.005492828,0.002722331,0.005381926,0.009493276,0.011025085,0.00550035,0.00520522,0.027164594,0.006011686,0.02285543,0.021047676,0.022565899,0.007607461,0.029216823,0.006171246,0.005399611,0.005988458,0.003506523,0.004437526,0.009262583,0.01944489,0.019670059,0.008688346,0.008086953,0.003163422,0.011392044,0.007643872,0.018761818,0.005899668,0.00697041,0.003890287,0.002836222,0.004278303,0.004521304,0.008158516,0.011190249,0.006445952,0.008397401,0.002256362,0.004670024,0.006938423,0.010875599,0.00260567,0.010822002,0.005546558,0.010822622,0.012102521,0.002662525,0.015561317,0.030616498,0.012715036,0.015396276,0.00988893,0.007076892,0.016756299,0.004675376,0.00729763,0.003050624,0.004147991,0.001474681,103318.7976,15.67068966,2017,Funded
0.002620441,0.015295457,0.005435565,0.009105865,0.005708214,0.010039741,0.011524484,0.015965368,0.008344155,0.016692456,0.027616791,0.007428464,0.00429663,0.007635553,0.004444299,0.00254597,0.010953997,0.00849639,0.012429063,0.002759587,0.008216221,0.009073832,0.021578013,0.008991026,0.013421488,0.005622323,0.031471497,0.031009532,0.007958689,0.004217796,0.010114836,0.006864074,0.014893356,0.012015312,0.003003474,0.002669871,0.022032245,0.018519861,0.003950236,0.007050292,0.006123577,0.002207374,0.004969135,0.009687631,0.011137595,0.005591024,0.00523398,0.026695808,0.007567143,0.023371692,0.021933654,0.02123313,0.006787748,0.029694643,0.006550479,0.004622732,0.006012399,0.003582105,0.004642672,0.008775262,0.017861166,0.019906791,0.009588374,0.00769311,0.003052102,0.011925719,0.006748296,0.018502948,0.005947813,0.005973762,0.003813252,0.003565123,0.004508118,0.00446848,0.008397137,0.010238578,0.006428653,0.007278538,0.002119917,0.004882459,0.007384185,0.013274912,0.002585883,0.010553912,0.004932859,0.00957822,0.013223786,0.002456929,0.015370396,0.026947956,0.012638247,0.016251001,0.010438837,0.006097683,0.017424717,0.004383133,0.007448157,0.002698232,0.003515593,0.001462779,103283.4701,11.63874056,2018,Funded
0.002877044,0.015561162,0.005280911,0.0083445,0.005191616,0.011067914,0.00993081,0.015881417,0.011120439,0.017137918,0.017841226,0.0068105,0.004507738,0.007237492,0.004493685,0.003268388,0.011038786,0.008163057,0.01265781,0.002395592,0.008172625,0.008905153,0.021910481,0.010042411,0.012284626,0.005998733,0.028718693,0.030353878,0.008364027,0.004896143,0.010968022,0.00796843,0.014222668,0.012122234,0.002748747,0.002592938,0.023404132,0.016498665,0.004972826,0.007756898,0.005874877,0.002696803,0.005057369,0.010248619,0.010656919,0.005271318,0.005670946,0.026849645,0.008261807,0.020894778,0.021897021,0.020876255,0.007343964,0.028768989,0.006449606,0.004298882,0.006321032,0.00412871,0.005427876,0.008846862,0.01929279,0.021053742,0.008454838,0.007678743,0.003039592,0.01151481,0.00729947,0.01566359,0.005915095,0.00671953,0.003456768,0.003104768,0.004004388,0.005170494,0.007301928,0.01057134,0.006429017,0.008612091,0.002250858,0.003944282,0.008228986,0.012232034,0.002870206,0.011886888,0.005728188,0.009949669,0.013146463,0.00243221,0.015275359,0.031157372,0.012265627,0.016997057,0.012434151,0.006468299,0.017294576,0.004418247,0.007911969,0.002853968,0.003903862,0.001514119,103069.0399,7.205851064,2019,Funded
0.002592245,0.016107041,0.005784975,0.010444581,0.003773069,0.009184345,0.009873502,0.014687994,0.0131145,0.016731629,0.011837416,0.006852326,0.004662283,0.006760328,0.005663759,0.003575764,0.010647183,0.007754973,0.011810727,0.002571051,0.008135549,0.009563384,0.020790613,0.00929397,0.013207464,0.005192278,0.031481746,0.03059009,0.007684842,0.004591874,0.010389275,0.007374443,0.014712946,0.011575135,0.003077468,0.002429418,0.022720026,0.021083667,0.004918063,0.007972243,0.006016031,0.002214493,0.004543307,0.010691235,0.010918901,0.005284961,0.005599423,0.026473404,0.008111876,0.022815646,0.021470792,0.01996251,0.00636838,0.028478031,0.006166601,0.004689806,0.006078249,0.003105583,0.00575581,0.008622283,0.020741662,0.02223709,0.009296199,0.007925924,0.003043057,0.011135567,0.006868815,0.014447403,0.006280578,0.006495339,0.003059448,0.003542866,0.00503122,0.006690105,0.008090198,0.009947818,0.00581916,0.008635242,0.002129236,0.004059413,0.008861056,0.011215622,0.002623816,0.013451023,0.005494608,0.008524216,0.014235269,0.002377669,0.015456212,0.030522735,0.012783073,0.016495499,0.012897843,0.00733773,0.01565011,0.005574526,0.008299834,0.003097882,0.003525256,0.001518175,102792.1861,3.756561086,2020,Funded
0.001826144,0.0131016,0.003053599,0.008421771,0.002494858,0.003635958,0.011316242,0.022623103,0.005618572,0.019129688,0.01413857,0.008074449,0.005079401,0.009895082,0.003054234,0.002888217,0.006299308,0.017864531,0.010811312,0.002092117,0.007175519,0.003680165,0.005105358,0.010554038,0.010020246,0.004666271,0.036587655,0.03800912,0.008485377,0.002629561,0.011449556,0.014653705,0.014937986,0.015706588,0.001710841,0.001524944,0.022656377,0.020342892,0.003214361,0.005057036,0.003434436,0.002833061,0.004275218,0.012596446,0.010318341,0.005221897,0.004211818,0.030944771,0.003470687,0.030668567,0.022551917,0.024866393,0.004686052,0.023085288,0.005054429,0.002026836,0.006232229,0.002189739,0.00241364,0.007994488,0.034838876,0.011078347,0.006495752,0.006092061,0.002832507,0.010870355,0.006502567,0.018486928,0.006323463,0.007555153,0.002888271,0.002497266,0.002079263,0.003074363,0.010141527,0.008790824,0.006298758,0.008953861,0.001756061,0.005786864,0.006238925,0.023742353,0.001829401,0.011607142,0.003212734,0.016617326,0.009221004,0.00207355,0.011308374,0.04499636,0.013891121,0.014250712,0.006172216,0.008488042,0.024448062,0.006913648,0.007509323,0.001954325,0.002109214,0.001410499,103570.5763,1.952234206,2021,Funded
0.003009075,0.013035171,0.003812738,0.013887549,0.00234741,0.013559776,0.005242037,0.007017249,0.005504571,0.004743951,0.006253046,0.008819227,0.011773317,0.002885638,0.002990113,0.002418373,0.002731515,0.003450664,0.023566263,0.004614112,0.018417049,0.007523259,0.080680993,0.010966507,0.014930076,0.007265421,0.01228737,0.0165929,0.014022822,0.002281521,0.011848844,0.002274374,0.009804792,0.021511554,0.004757579,0.003500035,0.016052672,0.018180586,0.006536563,0.010119472,0.005570536,0.001426019,0.007808047,0.012733534,0.009257921,0.00258144,0.010072818,0.021916264,0.02090876,0.011715052,0.026107448,0.018746702,0.010409182,0.012921091,0.024268898,0.007416652,0.005687634,0.002852034,0.00730602,0.016889842,0.001921309,0.045706461,0.008231076,0.015969153,0.002300837,0.010173141,0.004909269,0.005977833,0.009283571,0.003237784,0.007801096,0.00510802,0.002786219,0.007554415,0.001893182,0.017670861,0.007042981,0.008109293,0.009431609,0.005635253,0.008056769,0.005856657,0.002389024,0.010809443,0.004538039,0.016384988,0.00450329,0.006087935,0.019241402,0.007048258,0.010014629,0.00401014,0.011309593,0.003269972,0.004738763,0.00412472,0.003457668,0.014186587,0.007911985,0.003504698,21207.64815,19.11728395,1970,All
0.002788559,0.013159707,0.002158443,0.016438715,0.005614707,0.009943969,0.005227274,0.007651991,0.00602063,0.005589793,0.0050852,0.009020282,0.007623372,0.004185084,0.002766196,0.010869389,0.002548112,0.003089114,0.024813242,0.009153946,0.018250216,0.006653407,0.077898989,0.011438098,0.015201884,0.010290991,0.011824712,0.016620108,0.01089798,0.002501766,0.009657458,0.002082248,0.011962003,0.020441669,0.004789904,0.002189929,0.01466945,0.011085612,0.011504039,0.007422044,0.00721507,0.001253886,0.012353132,0.014825476,0.009959647,0.006803852,0.008314906,0.022176603,0.020326217,0.00677939,0.02287012,0.018076178,0.008287773,0.015148489,0.0308577,0.008508357,0.006187041,0.002701823,0.004338369,0.016769241,0.002389744,0.040723481,0.010415678,0.021994466,0.004421467,0.010375958,0.004093856,0.005243022,0.009521927,0.003399806,0.006152914,0.004223831,0.002046017,0.004344462,0.002178319,0.015275993,0.006711844,0.007758865,0.006835061,0.003952515,0.008680557,0.008090775,0.002209757,0.0118891,0.010671272,0.007652888,0.004545791,0.006517117,0.018304399,0.00727853,0.011008182,0.004832018,0.010962408,0.002727827,0.005323483,0.005011572,0.002510087,0.014409145,0.006837804,0.003594555,20506.2067,23.27374302,1971,All
0.004557794,0.015257161,0.003965304,0.016081118,0.005459018,0.009703023,0.005397108,0.008420015,0.005997987,0.007168355,0.004399718,0.009350528,0.007880327,0.004789606,0.004231827,0.006323284,0.008564606,0.004107872,0.023688179,0.004462235,0.014393404,0.007960433,0.047129116,0.01900601,0.009036092,0.00573792,0.015064247,0.019171578,0.00730084,0.002775851,0.011807239,0.004251178,0.013320831,0.015259914,0.001887298,0.002453695,0.019009417,0.012187502,0.007797059,0.00667679,0.00578484,0.003448655,0.009314007,0.0121073,0.010429326,0.004883904,0.012985508,0.021575602,0.017289824,0.008825734,0.022950747,0.023208703,0.006984441,0.016672694,0.016745802,0.005965775,0.007991627,0.004123779,0.005965695,0.010390047,0.006954885,0.037090667,0.011274647,0.008827824,0.003670253,0.01143155,0.006076511,0.005378119,0.009851381,0.007437817,0.006677069,0.003359402,0.002451628,0.003834401,0.003202261,0.019411153,0.010982628,0.009819861,0.005772843,0.005461246,0.008237053,0.007231085,0.005165616,0.011966897,0.01892066,0.011429005,0.005518126,0.004932309,0.02322565,0.015325741,0.012482222,0.007379136,0.01360643,0.004925291,0.008211704,0.006641477,0.003912656,0.010374607,0.007891714,0.003980983,19170.31615,21.96563574,1972,All
0.008632494,0.013578298,0.003269616,0.015815113,0.004435597,0.007041883,0.005166305,0.007843512,0.004696914,0.005812937,0.004420397,0.00955195,0.005426054,0.003279381,0.0036671,0.006719821,0.006160492,0.004498952,0.023943466,0.004941339,0.015450107,0.005917379,0.063583387,0.010059653,0.014168738,0.009254068,0.012885655,0.016894808,0.010373466,0.002483875,0.009153736,0.004834428,0.012071036,0.019099727,0.003825217,0.002802637,0.015683879,0.014438217,0.007342795,0.007130042,0.005580955,0.004140905,0.012742837,0.014775684,0.009521939,0.004618519,0.00695189,0.019939546,0.01741494,0.007393686,0.02187342,0.019556283,0.008186701,0.012829517,0.026648499,0.006780849,0.006850743,0.002786892,0.007289286,0.011618273,0.005160524,0.042214148,0.010064079,0.010788048,0.002909547,0.011643316,0.005453817,0.005118201,0.011486044,0.005084416,0.011126899,0.00412147,0.003671525,0.003850983,0.006332575,0.017718128,0.005895243,0.008627632,0.005530102,0.003732629,0.009125298,0.006340333,0.003166313,0.01176412,0.010029353,0.011512676,0.006107197,0.003663736,0.027105367,0.013797442,0.010563056,0.006562183,0.011009086,0.003518604,0.006795469,0.009683815,0.003083409,0.016999726,0.011008872,0.003778779,17873.53691,12.96308725,1973,All
0.005193557,0.016659757,0.002464877,0.023953872,0.00415659,0.007958848,0.006447531,0.008965859,0.008145645,0.006333643,0.003885509,0.009737632,0.006665784,0.004578394,0.003578104,0.007818756,0.006431585,0.005263165,0.021537063,0.002933539,0.014705438,0.00457818,0.051373176,0.012359784,0.011988691,0.006854425,0.014731042,0.017923088,0.012886622,0.00215011,0.00670873,0.003285995,0.013140379,0.018442495,0.003181908,0.002925215,0.019101739,0.014415567,0.009599254,0.00716782,0.004964958,0.002513205,0.007106261,0.013485715,0.009679325,0.003538285,0.008883427,0.018854672,0.021952866,0.009039761,0.020845659,0.022854865,0.006637455,0.013303522,0.017888534,0.004161489,0.00748545,0.003436019,0.006500259,0.011360877,0.006700549,0.036335934,0.009541929,0.018352498,0.004343794,0.012238816,0.006509275,0.005554343,0.00885521,0.006066639,0.006815222,0.004608207,0.003979142,0.004548566,0.004489182,0.017990847,0.004611216,0.010538987,0.005025595,0.004686215,0.010199619,0.006727443,0.002411661,0.012584422,0.008893495,0.011806665,0.004945152,0.007125455,0.023707152,0.02560402,0.011159908,0.007282755,0.012184209,0.007171723,0.00811163,0.006500269,0.004210067,0.009806346,0.00919064,0.003863229,19625.71777,30.65156794,1974,All
0.002925551,0.012740045,0.003434016,0.024921272,0.005278298,0.006654103,0.005220228,0.008182225,0.008351982,0.006113556,0.005201973,0.009079085,0.006102316,0.003515462,0.00396089,0.006135605,0.0084118,0.004290539,0.021503472,0.004487624,0.014928348,0.007412233,0.060945361,0.012742905,0.011999372,0.00781975,0.014218393,0.017013264,0.012694318,0.002572248,0.014526502,0.003446828,0.011444708,0.019311636,0.002101288,0.002041859,0.015962168,0.013518058,0.006060564,0.006772084,0.005334024,0.003442225,0.009022362,0.013963379,0.009454192,0.006764784,0.007668663,0.020934885,0.01197666,0.007451714,0.021649781,0.020636336,0.006491352,0.01254879,0.027923627,0.006583575,0.008586696,0.003136159,0.005408744,0.011441208,0.004279241,0.041970932,0.009865609,0.018899684,0.004296145,0.011785591,0.002719641,0.006702209,0.0120365,0.003687795,0.012826394,0.003931644,0.004206493,0.003194745,0.003643059,0.017358959,0.011148014,0.009029251,0.004293661,0.004806876,0.010280681,0.008492755,0.00334361,0.01508602,0.008764636,0.0104364,0.0048243,0.00602817,0.024413851,0.012071984,0.011531584,0.006312113,0.011303563,0.002766446,0.006230475,0.005737673,0.003912407,0.010118611,0.009405191,0.003795999,19204.53623,25.07246377,1975,All
0.004335122,0.014349185,0.002455508,0.016235913,0.003789387,0.010376802,0.006308411,0.010547205,0.004828917,0.007115214,0.00389674,0.009218409,0.00669858,0.003668313,0.003527856,0.002582831,0.007469031,0.004553636,0.022897822,0.004814488,0.014435581,0.004782461,0.047748158,0.012627477,0.013243725,0.011827049,0.017320311,0.018868137,0.007716481,0.003667271,0.013255278,0.003808469,0.012915791,0.017147349,0.001809494,0.002739863,0.016418453,0.017389258,0.005171848,0.005501638,0.005536664,0.004013044,0.008639465,0.012624591,0.009892507,0.006230152,0.009000022,0.021479103,0.015973305,0.008129353,0.021128519,0.022454166,0.005926459,0.013360612,0.028183883,0.005128232,0.007822831,0.003529815,0.004222995,0.01350791,0.006750642,0.038453291,0.00853481,0.013848495,0.004382247,0.012679736,0.008437159,0.005892553,0.009452207,0.006416258,0.007726866,0.004635425,0.003422571,0.003447154,0.005523408,0.018046272,0.011983845,0.009591169,0.00581762,0.004149986,0.007826379,0.008410262,0.00502607,0.010759548,0.011015781,0.008088847,0.005522565,0.004498759,0.02400547,0.02392682,0.011147583,0.008540064,0.012768843,0.003492892,0.008174116,0.005337304,0.00524161,0.009014144,0.009425791,0.003738352,19712.85625,16.25625,1976,All
0.00524398,0.016058625,0.004633493,0.018560863,0.003818549,0.008040143,0.007714397,0.007958981,0.004584135,0.006559913,0.005917271,0.009928073,0.006594584,0.005133873,0.005075363,0.004838926,0.007114815,0.004375228,0.025288285,0.007321454,0.015666402,0.006840779,0.037174806,0.015708451,0.013242236,0.007296846,0.015881549,0.019320488,0.006713745,0.003107806,0.007225922,0.005174664,0.01273448,0.014171105,0.003113412,0.002686085,0.017920248,0.01131784,0.007996273,0.007745238,0.00683235,0.003035338,0.010394258,0.010925923,0.01207203,0.004343168,0.007238145,0.019823274,0.012096908,0.009879987,0.022342251,0.024349783,0.010628757,0.015263019,0.022335101,0.006468027,0.008072925,0.003375319,0.005156888,0.010033137,0.007303821,0.038720393,0.011470855,0.013633244,0.004821208,0.013474018,0.005792587,0.00798959,0.008446895,0.005195978,0.012689194,0.004863725,0.002529375,0.00630178,0.00372598,0.017943603,0.006883199,0.009638609,0.007945192,0.004661078,0.007764278,0.00480021,0.007547136,0.009486243,0.013096635,0.010876686,0.006284147,0.006322266,0.025091433,0.019746495,0.012312171,0.008354398,0.011626128,0.003559746,0.008942678,0.004840322,0.004622087,0.008585797,0.007823346,0.003821559,21337.95052,19.78385417,1977,All
0.005608409,0.017962822,0.005703939,0.010812821,0.00433334,0.007197081,0.006456623,0.009155689,0.007133172,0.007507365,0.005864347,0.009718977,0.006411498,0.004712399,0.003951127,0.00404108,0.007970043,0.004829795,0.026794733,0.008147137,0.016826224,0.005365823,0.036324385,0.011266625,0.009056305,0.009350331,0.014150234,0.018153596,0.010432243,0.002578276,0.0082331,0.004862483,0.013937628,0.016667597,0.004450506,0.004851991,0.016415858,0.010497956,0.008598062,0.006097442,0.005264518,0.003950678,0.01111511,0.011738286,0.010244676,0.005583823,0.007778415,0.019581699,0.01304223,0.009507464,0.020739703,0.025821977,0.006719262,0.014568027,0.01853485,0.005261581,0.008378086,0.003649428,0.008293206,0.012501705,0.007757723,0.035729017,0.012264861,0.011568748,0.006119941,0.012485203,0.004887284,0.008244037,0.008408295,0.005760125,0.009923857,0.004904928,0.003283422,0.00526813,0.00510281,0.017357658,0.007194882,0.009188568,0.006530157,0.004228713,0.006571759,0.010534648,0.005327352,0.011921178,0.006702971,0.020777314,0.005738782,0.008995385,0.023569988,0.021025301,0.011936585,0.010005605,0.01157053,0.007667855,0.009384057,0.004900644,0.00349704,0.009741982,0.005401465,0.003817413,21666.51351,24.96621622,1978,All
0.003783178,0.018080105,0.002456106,0.014375519,0.002716846,0.009987823,0.008673235,0.008191363,0.006018627,0.007041941,0.003468902,0.010155046,0.00758485,0.004817724,0.003901515,0.00324374,0.005778631,0.004582606,0.028354062,0.008418795,0.015724743,0.007017774,0.036589018,0.012766571,0.011266699,0.009914453,0.01293014,0.018859521,0.005691164,0.002958766,0.00763776,0.003959895,0.014213481,0.01407101,0.002883056,0.003681372,0.019027421,0.008764154,0.010948949,0.006216645,0.006543488,0.005039364,0.009756696,0.012718552,0.011410637,0.007461794,0.007142959,0.021899543,0.014866267,0.009471437,0.021865885,0.025022276,0.011526139,0.015049161,0.017439234,0.005808785,0.008561351,0.00320226,0.00595019,0.009840791,0.008220706,0.036784096,0.011605297,0.009359196,0.005010706,0.013347911,0.005452721,0.006974407,0.011230132,0.005944488,0.00896732,0.004410493,0.003073542,0.003226987,0.004349984,0.017016183,0.007967973,0.008226597,0.008808784,0.003923726,0.007516231,0.010162178,0.00469626,0.010862464,0.009787672,0.019245137,0.005889247,0.006491213,0.022941017,0.021837363,0.011753257,0.009070958,0.0107084,0.006835048,0.009737172,0.009287897,0.004772494,0.006692331,0.00665706,0.003825343,22024.45372,23.29345372,1979,All
0.00553987,0.017233611,0.004515423,0.011049326,0.004678719,0.009411277,0.006651469,0.008948738,0.003647169,0.006809311,0.004798475,0.009924578,0.005481641,0.004374743,0.003602358,0.004260625,0.007529712,0.006086579,0.030249881,0.006622279,0.017810799,0.007314847,0.039677424,0.010795698,0.012286576,0.008741413,0.0141007,0.01842935,0.006067468,0.002843778,0.007109276,0.003585954,0.013801906,0.017185895,0.002677419,0.003824829,0.016659117,0.010539288,0.004801606,0.007196841,0.007532124,0.00461873,0.011512456,0.010934609,0.011035386,0.004497207,0.007055878,0.021354516,0.017159404,0.007745332,0.023988222,0.023391948,0.010817044,0.014815063,0.016647311,0.00562046,0.007231788,0.003008908,0.007139278,0.012042753,0.006673612,0.03985547,0.010061905,0.010979001,0.004657437,0.013293396,0.006483017,0.00594413,0.008994188,0.004684504,0.012836814,0.004017075,0.002205707,0.00685081,0.003561951,0.016912061,0.007306605,0.009007985,0.006124196,0.004478474,0.006198842,0.009499031,0.004967748,0.009646681,0.012425072,0.018625208,0.00556153,0.006217086,0.021140309,0.023695371,0.013713281,0.009632588,0.013103819,0.00419494,0.010251483,0.006987348,0.003071,0.010097842,0.007220019,0.003808081,21873.46838,22.16798419,1980,All
0.004910302,0.016556532,0.003646077,0.009892033,0.005471167,0.007623703,0.008868201,0.01027087,0.004490932,0.007111041,0.003931835,0.00952605,0.005313361,0.004270239,0.003944064,0.004442509,0.00735089,0.004447734,0.029570213,0.007319132,0.01622579,0.005350831,0.033901853,0.012989156,0.014044415,0.007192008,0.01584794,0.018631742,0.006913978,0.003081759,0.007169235,0.003526513,0.014174441,0.014909462,0.003185572,0.002850093,0.016903472,0.009192349,0.009945982,0.006698446,0.006378764,0.007567515,0.012102612,0.011956159,0.011324319,0.005080603,0.006418875,0.020695013,0.017336411,0.007696992,0.020858816,0.026126353,0.011161064,0.013769558,0.013150741,0.007976495,0.007939072,0.005145721,0.005912296,0.014713485,0.007789496,0.033874396,0.011186698,0.009378815,0.006664835,0.013288486,0.005446262,0.007797528,0.011347329,0.005654324,0.00871394,0.0047894,0.002735361,0.006808711,0.005252755,0.018464387,0.008269305,0.008815995,0.00728531,0.004347949,0.007337955,0.011652825,0.007826496,0.009975993,0.010252991,0.019834844,0.005202098,0.009385526,0.020735366,0.019152005,0.014585047,0.009595874,0.010750498,0.005256209,0.009852032,0.00566201,0.004145325,0.007295239,0.004841444,0.003746156,22432.23744,22.24783362,1981,All
0.005975156,0.01853697,0.003032263,0.012717577,0.011287436,0.008720861,0.007692543,0.007951786,0.004654643,0.006452645,0.004425402,0.00972623,0.005432912,0.004971647,0.004836043,0.003553244,0.005334762,0.00421338,0.02734029,0.007432281,0.016690912,0.005510393,0.037899357,0.013088501,0.013312158,0.007743018,0.014126601,0.019497104,0.005935073,0.002887528,0.007419499,0.00419097,0.012775504,0.012652853,0.003909821,0.004517742,0.016102013,0.009905853,0.006833108,0.007854594,0.006244164,0.004808815,0.013929883,0.01024299,0.011104537,0.005748064,0.007278057,0.020211102,0.015544034,0.007575965,0.021037941,0.023627814,0.009725789,0.013142697,0.017759767,0.005890435,0.007522229,0.00410451,0.006767019,0.013564376,0.0064927,0.036810161,0.013932996,0.012762403,0.005495574,0.012617197,0.002998973,0.007781201,0.012223073,0.005933105,0.009718071,0.004217791,0.003433463,0.007769367,0.004765553,0.017591833,0.009221758,0.009563451,0.006086466,0.003986123,0.006773353,0.007060907,0.003937097,0.010640678,0.010759111,0.02084528,0.005761934,0.006475492,0.021985205,0.019048708,0.013763364,0.008278111,0.012878302,0.004491124,0.009274575,0.007618426,0.005027775,0.009476044,0.005862433,0.003669965,21129.87324,25.16373239,1982,All
0.005291813,0.019937983,0.003876684,0.009841848,0.013367098,0.008954766,0.007618759,0.008187449,0.005943302,0.00714794,0.004118885,0.010080275,0.005106887,0.005281963,0.003930153,0.002828843,0.006972926,0.00504645,0.026020001,0.006565224,0.016330262,0.005465535,0.031900237,0.011368677,0.012302893,0.008609764,0.014240872,0.019774269,0.006995372,0.003442269,0.007230122,0.003519071,0.013482422,0.012444843,0.003009149,0.003160947,0.018566237,0.008922174,0.007517545,0.006312866,0.00684575,0.005797101,0.015977122,0.011191951,0.01137211,0.005486721,0.007519847,0.019372494,0.013169522,0.00869155,0.020843791,0.024217189,0.008381523,0.015551019,0.016130756,0.007822441,0.007532848,0.003729675,0.006110645,0.009866415,0.011988757,0.034560802,0.014077145,0.010382186,0.005965353,0.012522927,0.004785255,0.006504001,0.01148349,0.005873798,0.00779145,0.005887272,0.002696928,0.006527334,0.006538473,0.01808084,0.009548944,0.008670229,0.004461713,0.004579616,0.006850662,0.006590409,0.004782535,0.009523223,0.008506034,0.020703172,0.006367763,0.008120018,0.021203863,0.028813729,0.01387097,0.011181603,0.011111716,0.005556773,0.011416976,0.004902919,0.004539503,0.006965319,0.005908874,0.003832177,19290.57935,19.08774194,1983,All
0.005969096,0.018753915,0.004657232,0.008734218,0.013304426,0.010497957,0.010205657,0.008221323,0.005589518,0.007667425,0.005217987,0.0097919,0.004706484,0.005227639,0.004010885,0.003529186,0.005919886,0.005424478,0.026442553,0.007011172,0.016013381,0.006245246,0.03730599,0.011023209,0.012063786,0.008216245,0.01319038,0.018658626,0.009813287,0.002895025,0.008704612,0.004245121,0.014139861,0.013639154,0.002878624,0.004254929,0.018125162,0.00852231,0.007626771,0.008705213,0.005829844,0.006692098,0.011986711,0.009885571,0.012007321,0.006274607,0.007359315,0.019416454,0.01011218,0.008077735,0.020915306,0.025709787,0.010960256,0.014709862,0.012817799,0.005340178,0.00732065,0.002402464,0.005049946,0.010812794,0.015377592,0.033424883,0.015139667,0.008913481,0.006683194,0.01320355,0.004490792,0.007559184,0.011487761,0.006072028,0.009437124,0.004740361,0.002006266,0.006114941,0.007033221,0.01742092,0.00716364,0.009277168,0.006270412,0.004463507,0.006166636,0.006272657,0.005129661,0.010785563,0.008211283,0.015807482,0.005738343,0.006676258,0.021328163,0.030130078,0.014830895,0.009812708,0.010982474,0.004014745,0.011821076,0.004762809,0.003830888,0.007225801,0.005582462,0.00377958,18043.98394,17.95527523,1984,All
0.00836134,0.018428334,0.007363268,0.00969186,0.012384482,0.008583899,0.008154462,0.0081982,0.005010237,0.006536198,0.004115506,0.00972304,0.00536918,0.00467132,0.00418227,0.003962568,0.005145226,0.004466889,0.027926851,0.011280619,0.017304375,0.006823724,0.037329442,0.01193638,0.013520516,0.006834769,0.013102692,0.018478164,0.007769038,0.002640513,0.007994769,0.003121715,0.012693143,0.013377984,0.002876273,0.004241112,0.01851002,0.006529562,0.005447836,0.010309098,0.006065459,0.007337561,0.014311764,0.009286874,0.01186845,0.006148655,0.006561438,0.019440147,0.012369019,0.008701402,0.019981169,0.025208085,0.012516102,0.012741027,0.018839934,0.009789859,0.007714226,0.003124049,0.005389339,0.01014862,0.011305603,0.036514834,0.011289887,0.011888177,0.006497099,0.012688734,0.003474412,0.005470647,0.01188941,0.006591189,0.008246405,0.004665193,0.002689457,0.006010428,0.006264914,0.017274391,0.008057856,0.009628766,0.005232917,0.004484552,0.006252006,0.006346013,0.004329676,0.010748713,0.008177205,0.018501613,0.005790125,0.007778976,0.021583197,0.022891461,0.014786094,0.008581962,0.009516679,0.005103321,0.010448836,0.004189119,0.004890008,0.006597801,0.007668833,0.003713437,18353.08124,18.88901602,1985,All
0.007804437,0.01663843,0.00391029,0.008878119,0.017252861,0.012659816,0.007465907,0.00886163,0.004157053,0.00547936,0.004813465,0.009478614,0.004730852,0.004740595,0.004529198,0.00414307,0.006377019,0.003696365,0.028282398,0.009436791,0.017222972,0.007148642,0.042457992,0.012498045,0.01254889,0.010925712,0.012497824,0.017516752,0.005991447,0.002508263,0.009027142,0.002788147,0.012011347,0.013123249,0.002114062,0.00405042,0.017506272,0.008717535,0.010745439,0.012692906,0.005564775,0.007956594,0.013615512,0.011150848,0.011291454,0.005602568,0.00570364,0.019974637,0.012334357,0.007522065,0.019071519,0.024283495,0.011992608,0.012558811,0.016669971,0.007357025,0.007905484,0.003132367,0.005926261,0.013234464,0.009118075,0.034781621,0.01300158,0.0101716,0.007164493,0.011998372,0.004337123,0.007662336,0.010241943,0.00557534,0.009856724,0.004462759,0.003078324,0.007246134,0.006103378,0.019195073,0.010263965,0.008275424,0.006228165,0.004254883,0.005994959,0.005225623,0.004314035,0.009991831,0.008259306,0.019110133,0.005946326,0.00833896,0.021732254,0.015368091,0.013744768,0.006921753,0.010462031,0.005758146,0.009078847,0.003365543,0.005023163,0.007405438,0.007123829,0.00353987,19877.85478,21.63057325,1986,All
0.005746255,0.016294886,0.006966209,0.008614145,0.01639443,0.016690853,0.007653936,0.008826327,0.005793246,0.00596917,0.00356117,0.009171327,0.005095366,0.004153935,0.003749977,0.003662453,0.004179888,0.003821064,0.028215916,0.007974058,0.017746267,0.005234767,0.039479806,0.013848935,0.013472025,0.009017555,0.012163186,0.016982926,0.007205539,0.002629699,0.007706979,0.003283636,0.012199289,0.012970915,0.003395056,0.004600575,0.017429472,0.008368143,0.009012699,0.010662818,0.006096396,0.005601897,0.013304864,0.011208221,0.01073282,0.005376635,0.006012126,0.019868318,0.010942998,0.007655934,0.019595691,0.023070845,0.011412517,0.012172121,0.018238644,0.009208313,0.007770255,0.003477728,0.005229351,0.013149562,0.011660509,0.035457431,0.012759615,0.011055306,0.006357287,0.011417205,0.006950832,0.006095799,0.010293999,0.007130171,0.010502783,0.00534437,0.002888747,0.005336154,0.003689994,0.017630936,0.011926242,0.008488828,0.006490089,0.004134422,0.006416234,0.005348114,0.004571371,0.010056029,0.009959187,0.021155898,0.005657577,0.008636231,0.020646333,0.018632266,0.01392886,0.007609049,0.008589691,0.005177223,0.010041913,0.003663411,0.004992883,0.006717418,0.009018359,0.003501101,20197.92555,23.56867779,1987,All
0.004783261,0.015954108,0.006452835,0.00956077,0.017943986,0.015156524,0.007403433,0.010012799,0.006257411,0.005793598,0.005839133,0.008994392,0.004805341,0.004380151,0.004025756,0.003982711,0.005423816,0.003573719,0.027636271,0.012642147,0.015912816,0.006130818,0.040346926,0.012237461,0.012800923,0.009337752,0.013051065,0.017248812,0.006840668,0.002827633,0.00672761,0.002550937,0.012026005,0.011976872,0.002616161,0.004923278,0.016582511,0.007000154,0.010649399,0.01166248,0.006173114,0.004439927,0.011778952,0.011436448,0.011318235,0.004452961,0.005867918,0.019020625,0.013342471,0.007145333,0.018537223,0.025448454,0.015112936,0.012308643,0.015822914,0.007918303,0.008038117,0.003468545,0.005973788,0.012303134,0.008715214,0.036047383,0.013346185,0.011693818,0.004863899,0.011472418,0.006833098,0.008041271,0.010064041,0.00571759,0.007535272,0.00468431,0.002605,0.006473072,0.0047966,0.018995322,0.011989956,0.008494237,0.005570492,0.004381564,0.006684623,0.004375252,0.005162943,0.011306874,0.011198141,0.015725746,0.005420522,0.008389663,0.019648334,0.016287005,0.015802803,0.006404551,0.010315208,0.005883016,0.009475169,0.00572459,0.005971702,0.008652807,0.007830797,0.003439028,20608.97791,26.00858896,1988,All
0.007778937,0.017714683,0.004510995,0.009537175,0.026875969,0.015794814,0.007515402,0.008785492,0.007610949,0.006355538,0.004844404,0.009467103,0.00458515,0.004333926,0.003445168,0.004592855,0.005770904,0.003956255,0.026844148,0.009217661,0.017827599,0.006296992,0.033635549,0.012824214,0.013820468,0.008858371,0.012063308,0.018263762,0.008333412,0.002716842,0.007530076,0.003448256,0.013361899,0.012066863,0.002583339,0.0034131,0.018383036,0.007816452,0.009080225,0.010486938,0.005888757,0.00558082,0.011708307,0.010455149,0.011256054,0.005027572,0.005965026,0.019368931,0.011673883,0.007554096,0.019681906,0.024316689,0.011390835,0.014229004,0.01698394,0.006072757,0.007063871,0.003455134,0.00614197,0.01220145,0.012414632,0.033656228,0.013067049,0.009025055,0.006187536,0.011657449,0.004211903,0.008533034,0.009924286,0.005503009,0.010535108,0.003749915,0.002024665,0.004246966,0.006519752,0.017405073,0.010362452,0.009241733,0.006146686,0.004467199,0.005770902,0.005922576,0.004638981,0.009995706,0.010107171,0.012402997,0.005711092,0.008287634,0.020082299,0.020375463,0.014801904,0.009788343,0.01182676,0.005457521,0.011466551,0.0039779,0.004855134,0.007406774,0.006338841,0.003541338,20186.09677,23.75268817,1989,All
0.005823334,0.01623097,0.006778321,0.008266321,0.019481161,0.013432405,0.009549751,0.007307298,0.007064474,0.006217703,0.004747017,0.00891213,0.004632765,0.005133828,0.003264543,0.002813786,0.004989097,0.004104634,0.026722417,0.007640857,0.016804039,0.005314293,0.03859042,0.012339428,0.013163998,0.008143084,0.013315982,0.016980587,0.007568307,0.003144708,0.00731532,0.004037239,0.01182439,0.012551454,0.004250026,0.003854819,0.017258126,0.007320026,0.012916184,0.010792984,0.00554986,0.005195851,0.010806091,0.00951933,0.011317247,0.005798341,0.00581404,0.018360948,0.014373047,0.00726625,0.018631962,0.025143657,0.015534055,0.011817237,0.018799775,0.009385968,0.007272078,0.002946034,0.005683682,0.01820546,0.009106502,0.03222561,0.012939479,0.010792795,0.009413848,0.011092803,0.005091693,0.009142817,0.009271822,0.007545366,0.010006893,0.003857254,0.002762325,0.005766004,0.00538241,0.01872228,0.009073748,0.008165163,0.005524396,0.004051698,0.00691195,0.006860325,0.004699892,0.010322855,0.00874107,0.019813127,0.005365077,0.006641988,0.022378307,0.022843712,0.01422003,0.007841552,0.008149211,0.00449629,0.010319317,0.004816612,0.00351426,0.006200389,0.004672375,0.003237614,20475.96891,28.82462687,1990,All
0.005287422,0.015438718,0.005990199,0.013938107,0.014218338,0.013287427,0.010045011,0.006411592,0.007707289,0.005984136,0.004064874,0.008668542,0.004487095,0.003708929,0.003759248,0.002552672,0.00531812,0.003202398,0.022502615,0.006112321,0.013112408,0.006956834,0.047103825,0.013629439,0.012355429,0.008255533,0.013629189,0.015153151,0.007966629,0.0027072,0.007554276,0.002407233,0.011146451,0.010691896,0.003570745,0.003460145,0.016778478,0.008939432,0.00814988,0.006843531,0.00452074,0.005545009,0.007633684,0.012181067,0.009459186,0.007376804,0.008435666,0.017390802,0.015710558,0.010237057,0.018982999,0.029254407,0.017084955,0.01455373,0.012831293,0.00601847,0.007259289,0.002386713,0.003827777,0.014592832,0.011033207,0.03026692,0.008723385,0.01320504,0.00771608,0.012069544,0.004597287,0.008815189,0.008798342,0.006875626,0.007508571,0.003581924,0.003391565,0.005422314,0.00599905,0.025164639,0.006110196,0.008989967,0.005999337,0.004910109,0.006287586,0.00544007,0.003229469,0.011331384,0.008353511,0.022319222,0.005789973,0.007267059,0.028671859,0.026302204,0.014291973,0.010963515,0.012375048,0.007200049,0.009361665,0.004481901,0.00517781,0.005459304,0.005781328,0.002356981,20097.05012,35.19331742,1991,All
0.004304879,0.015830273,0.003143295,0.014072357,0.020492467,0.016331689,0.009741114,0.007932886,0.010491721,0.005788133,0.004760578,0.009928386,0.004062015,0.005083215,0.005050648,0.002733006,0.004561602,0.002921414,0.020141682,0.006849915,0.011221917,0.009141047,0.032674154,0.014397366,0.012390066,0.006352342,0.013237481,0.015013554,0.005658364,0.003083245,0.006239469,0.00320201,0.011068623,0.010585666,0.002710503,0.004434816,0.018306701,0.012255463,0.013995221,0.01091912,0.005892862,0.004713317,0.008203804,0.012118306,0.011002258,0.005535385,0.008397962,0.020908069,0.015006635,0.009219025,0.020998775,0.029894066,0.015144512,0.012777433,0.010166083,0.004958754,0.008662202,0.002433778,0.003485105,0.017945056,0.00961967,0.026442887,0.007447844,0.012715654,0.00661893,0.013300111,0.004128044,0.009637994,0.008396054,0.007721374,0.008832197,0.003709399,0.002661437,0.003108674,0.00870355,0.026642954,0.008560343,0.007621035,0.006949714,0.005011585,0.008294393,0.006294059,0.003013694,0.012116943,0.006429965,0.015393382,0.005284741,0.007411361,0.03055394,0.02277879,0.015364448,0.00818551,0.015234656,0.003810871,0.008617739,0.006001859,0.004245893,0.00544048,0.006841431,0.002284605,20694.37797,35.66954644,1992,All
0.005019782,0.017664317,0.004327382,0.012093962,0.015695734,0.018446396,0.011356041,0.007258145,0.008405621,0.006487805,0.00318898,0.010569449,0.004004103,0.004746251,0.005374623,0.002955012,0.004870482,0.003663884,0.021034115,0.007075586,0.011345165,0.005419304,0.027382787,0.014551793,0.016054681,0.005653974,0.01380222,0.017772486,0.005678313,0.003426362,0.00686443,0.0024286,0.011521577,0.012072645,0.002989239,0.005193345,0.017836418,0.012721358,0.01610954,0.009082488,0.0069111,0.004172537,0.007529427,0.012484055,0.011131328,0.006745826,0.007813289,0.022862099,0.01310828,0.01139051,0.02223767,0.030765338,0.013708976,0.012216456,0.01003922,0.00413199,0.008974748,0.002896239,0.003059386,0.015482381,0.012779405,0.024598428,0.011219252,0.014730024,0.004992288,0.01225039,0.00340018,0.008975197,0.009525435,0.007339825,0.008213624,0.003597982,0.002520178,0.004371525,0.006129896,0.024189364,0.006896115,0.008936303,0.006350806,0.006385754,0.007404338,0.006873495,0.002780001,0.011561913,0.007699272,0.017924752,0.005685474,0.006112813,0.02822353,0.025002326,0.014078981,0.008829316,0.012563663,0.004831856,0.009691406,0.006502823,0.003810343,0.004801577,0.006106806,0.002308092,21701.25753,38.16722408,1993,All
0.009087775,0.018098186,0.004725622,0.01012378,0.014381669,0.012090179,0.011936256,0.006851724,0.008575365,0.006284331,0.004445124,0.009237275,0.004163268,0.006078779,0.003339193,0.002311896,0.005874712,0.003148205,0.019311741,0.00912596,0.011974658,0.006800567,0.030554876,0.013226599,0.015139586,0.010427351,0.011149889,0.015531354,0.00794604,0.003290685,0.008481443,0.003742083,0.010542102,0.011245987,0.002470914,0.004839311,0.018907378,0.00974292,0.015457147,0.014341105,0.005155909,0.006034837,0.006738946,0.0094655,0.011254298,0.005977606,0.006090653,0.020699015,0.014039292,0.011573437,0.021790707,0.032011026,0.012898693,0.014816383,0.009669421,0.005900989,0.008925504,0.001971104,0.004009408,0.013710353,0.01336113,0.025892198,0.007784336,0.01092523,0.005531853,0.012487946,0.003334763,0.014867257,0.008446026,0.009684085,0.008068992,0.005356771,0.002128591,0.004522272,0.008438164,0.023231768,0.006782638,0.008930477,0.005713152,0.006372726,0.007388964,0.005391017,0.00363585,0.010347851,0.005394441,0.019501865,0.005491623,0.006585587,0.024147253,0.025177021,0.015107264,0.010045549,0.011672064,0.005504089,0.011813512,0.004327795,0.005723559,0.0043357,0.006631141,0.00218136,22175.9342,36.76171486,1994,All
0.005713974,0.015315892,0.002452249,0.020736919,0.013409602,0.012410806,0.014096515,0.007297813,0.007536002,0.00792939,0.004280854,0.008660618,0.003760206,0.005801594,0.003540406,0.002868098,0.005071236,0.003617334,0.016896424,0.007149438,0.010692328,0.005679074,0.024849964,0.011771598,0.014787652,0.007703241,0.013361427,0.017785444,0.005944539,0.003172264,0.008664648,0.002428114,0.010843002,0.009782297,0.001959404,0.002774267,0.020176959,0.011219337,0.014977578,0.008839289,0.005172281,0.006409524,0.007251723,0.01080492,0.01129804,0.005877732,0.006427531,0.022344074,0.013501335,0.012834419,0.019422752,0.030706166,0.016347383,0.014990479,0.009806854,0.00532653,0.008914223,0.002639735,0.002665808,0.015259694,0.020815942,0.021387338,0.007041447,0.011327687,0.005823027,0.011484289,0.003703137,0.012997287,0.008218481,0.011059486,0.006765878,0.003376066,0.003702282,0.005989037,0.009098618,0.021862972,0.008089064,0.009602599,0.00563989,0.005387498,0.006595034,0.004954943,0.005013395,0.01054506,0.005515649,0.013115499,0.007488739,0.005396282,0.024350744,0.041544302,0.015730914,0.010546122,0.011094801,0.005855512,0.014393194,0.004476694,0.004904025,0.004153023,0.005039029,0.001956013,21604.62422,38.19461883,1995,All
0.006952384,0.01572877,0.004174532,0.016609752,0.011989962,0.011212163,0.010373477,0.007781952,0.007227125,0.008410842,0.003501285,0.009817612,0.003750568,0.00600406,0.003827236,0.002706839,0.003975733,0.014978046,0.018215044,0.007555884,0.010703658,0.005677599,0.029417926,0.012096506,0.013726254,0.007013992,0.013109706,0.018656521,0.007041032,0.002408581,0.007230717,0.002611197,0.010381163,0.01038346,0.002520823,0.003732029,0.022068131,0.014547256,0.011800519,0.014587187,0.007506456,0.00701468,0.00736983,0.009275695,0.010309217,0.007055589,0.006673244,0.019996113,0.013049697,0.019528205,0.019957777,0.029941686,0.014575464,0.016292616,0.009048953,0.006213963,0.007637902,0.002698055,0.002545252,0.012293331,0.014994579,0.023811393,0.008405133,0.01229576,0.006430839,0.011149555,0.00396228,0.014269508,0.007468708,0.00978988,0.007519787,0.003813615,0.002281654,0.004386331,0.007201645,0.020348096,0.005987609,0.0090628,0.005821569,0.005475373,0.006509954,0.008129211,0.004276038,0.012718146,0.006042464,0.014613995,0.006815263,0.005784751,0.023188601,0.03320885,0.014310833,0.009927338,0.008924062,0.00617118,0.010920012,0.004754914,0.004073755,0.004343922,0.005288869,0.00203048,21714.2481,43.90877678,1996,All
0.003854359,0.015238005,0.003517552,0.019861718,0.015861622,0.015529525,0.012666771,0.00673043,0.008123703,0.00547703,0.004631003,0.010142307,0.003675618,0.005546875,0.003677094,0.003431922,0.004917794,0.017640874,0.018567321,0.016730211,0.010956897,0.006405012,0.026651046,0.01084793,0.014202027,0.008171988,0.012404684,0.016563981,0.00561498,0.002682356,0.008675957,0.003656675,0.010684083,0.008568693,0.002915685,0.002866598,0.019707959,0.012407343,0.014444171,0.010799581,0.004713537,0.005918618,0.007608115,0.010987937,0.01129371,0.006543961,0.005408801,0.023462076,0.011687398,0.013712751,0.019919985,0.028719377,0.014845062,0.016363193,0.010130156,0.006908408,0.007008795,0.003168767,0.003434473,0.01707468,0.015732015,0.023766439,0.006189503,0.013382013,0.004474967,0.011217983,0.003417491,0.01192702,0.0081652,0.010281874,0.00766965,0.004503192,0.002352655,0.006201984,0.008225594,0.020516344,0.005981791,0.009913343,0.006046765,0.005310353,0.006449524,0.006726456,0.004216824,0.012277762,0.005270071,0.010633643,0.006770266,0.004575942,0.024689096,0.028682148,0.013471571,0.008126975,0.009778385,0.005553621,0.010666599,0.006370742,0.003759265,0.004271268,0.006485845,0.001988636,20977.75226,40.35677419,1997,All
0.006517502,0.015961077,0.00314468,0.017288332,0.014118779,0.014802555,0.012994896,0.006678579,0.005868667,0.007193014,0.003539507,0.009313664,0.004368158,0.00456925,0.003189592,0.002336568,0.004463259,0.015397001,0.019100024,0.006741161,0.010186295,0.006788535,0.021907065,0.013975716,0.015814799,0.006582083,0.013228889,0.019157472,0.007208493,0.00359551,0.008736226,0.002135342,0.010819198,0.01004655,0.002579875,0.00326212,0.02086491,0.013674461,0.008875509,0.011097561,0.005260775,0.007448992,0.007796151,0.009306456,0.011243467,0.006766519,0.005464922,0.024689159,0.013829211,0.01587966,0.020357602,0.029850083,0.015505651,0.017814724,0.009190415,0.006589469,0.006442464,0.003529559,0.00257086,0.013249254,0.016375864,0.024556999,0.008691043,0.012244403,0.006168362,0.011327454,0.002833379,0.01195243,0.008263699,0.011504687,0.00881603,0.003504503,0.002884319,0.004150162,0.007664174,0.021193696,0.006329522,0.009422888,0.005140219,0.005314321,0.005633789,0.006087006,0.005776575,0.01128276,0.008154039,0.011886177,0.006857033,0.006578821,0.022339379,0.031977501,0.015060521,0.008406423,0.009438448,0.005117365,0.011641926,0.005033678,0.005521505,0.004159567,0.007865831,0.001935235,22020.37982,43.72429306,1998,All
0.005391804,0.015349325,0.003484642,0.020450284,0.013486046,0.011894068,0.016072482,0.00788071,0.008006384,0.005925074,0.003844224,0.009141227,0.003958306,0.005071076,0.003779487,0.003745109,0.005031266,0.013827815,0.017117237,0.007169321,0.010610971,0.006401749,0.021534389,0.011270708,0.016848618,0.008622974,0.011027246,0.017244617,0.007399585,0.003166608,0.007787679,0.002731524,0.010046299,0.009879854,0.003008877,0.003473086,0.02245141,0.013368414,0.009935504,0.013558681,0.00411649,0.006446866,0.007876067,0.010633848,0.011636399,0.007361294,0.005311401,0.023699257,0.011815227,0.015711528,0.020141241,0.030872217,0.014608231,0.016737471,0.009815642,0.006554271,0.007308854,0.003723317,0.003370468,0.013322867,0.013871596,0.022756206,0.007817888,0.012881203,0.005229972,0.010974691,0.00388344,0.016325523,0.009097156,0.010170899,0.007851166,0.004509749,0.001969716,0.004733234,0.007935094,0.022654894,0.005115811,0.008877971,0.004842957,0.005707831,0.006539731,0.006804485,0.004941676,0.014221895,0.004335168,0.011722911,0.007483959,0.007345828,0.023407033,0.031138232,0.016250566,0.007938383,0.00930557,0.006516158,0.011137354,0.005495029,0.004993254,0.004065427,0.00521581,0.001876899,21605.21603,41.27906977,1999,All
0.005471756,0.01597583,0.003394613,0.019405382,0.010469007,0.010387985,0.013466144,0.007073981,0.009479905,0.007007733,0.005015325,0.009564091,0.003394704,0.006278308,0.003670086,0.002649533,0.004542579,0.009380303,0.017260506,0.00697914,0.010457758,0.006964353,0.025356415,0.010617375,0.01499872,0.008908794,0.013345588,0.019817363,0.007353247,0.003334434,0.008068066,0.002436021,0.01036876,0.010266255,0.002523117,0.004077168,0.021905217,0.014596145,0.008810833,0.009784918,0.005347269,0.006190155,0.007409112,0.009570678,0.011183435,0.006255395,0.005351966,0.023829896,0.016309535,0.016569554,0.02074602,0.030689803,0.013941915,0.017806262,0.008542743,0.006858555,0.007121986,0.004277044,0.002436023,0.013343029,0.014650648,0.024528875,0.008401859,0.013171665,0.006050628,0.011584706,0.004654537,0.01449472,0.009693655,0.009285738,0.007280851,0.004427746,0.002736705,0.003949906,0.008041493,0.021288838,0.005870537,0.009411969,0.004003042,0.005432744,0.007049318,0.006713638,0.005891432,0.012134497,0.005663105,0.015762005,0.006790727,0.007161953,0.02180277,0.035675564,0.013988761,0.009536744,0.008798212,0.004194416,0.011980364,0.004158423,0.004286614,0.003728008,0.005161259,0.0019235,21948.92151,44.07543323,2000,All
0.004349591,0.018522604,0.003272455,0.013458278,0.009988101,0.011748366,0.014811874,0.01001643,0.007711189,0.007186679,0.006296603,0.009295717,0.00397735,0.006478471,0.002723431,0.002496905,0.006111769,0.014581636,0.017206683,0.006529065,0.010299709,0.005634477,0.020301447,0.010792286,0.014927304,0.008708859,0.013943201,0.019198129,0.007247418,0.002996579,0.007258945,0.003788207,0.012817824,0.010039758,0.002471729,0.002988571,0.021562543,0.010337992,0.00797373,0.012891288,0.004685628,0.005239489,0.008411913,0.009301322,0.011925188,0.009106925,0.005751419,0.0225505,0.010480581,0.016338891,0.018141665,0.032642912,0.015224977,0.017058442,0.007557057,0.004514885,0.00639374,0.002896134,0.003105342,0.012015468,0.022016857,0.02262602,0.008217745,0.009750013,0.006236691,0.012479795,0.004811591,0.016622667,0.008470362,0.010999366,0.007222955,0.00392609,0.002660623,0.004103376,0.007510788,0.018549754,0.006930889,0.009672868,0.004051422,0.004827709,0.006018791,0.005093993,0.00500501,0.013255863,0.00571516,0.013878355,0.007525952,0.007551295,0.021170747,0.041602198,0.015842255,0.010323125,0.007421063,0.006053246,0.015219059,0.005248092,0.004484878,0.003524573,0.005157522,0.00193557,21664.52676,37.25403568,2001,All
0.004564004,0.016700249,0.004610329,0.015076362,0.012130279,0.008935591,0.016997063,0.007573857,0.008411964,0.006754484,0.007565542,0.010527218,0.004056286,0.005319554,0.003291757,0.002814921,0.005376496,0.013185148,0.016528548,0.006618713,0.010418851,0.00738448,0.024768446,0.011321438,0.015767118,0.009335656,0.012994197,0.022077531,0.007045707,0.003621133,0.008832587,0.002727246,0.011202296,0.009852453,0.002777504,0.003272891,0.021829946,0.012631321,0.010767802,0.012877642,0.004278331,0.00542923,0.008019928,0.010702144,0.012770795,0.00772193,0.005036696,0.026468245,0.012369269,0.017623901,0.020274293,0.029973897,0.015350528,0.019136878,0.008313074,0.007587625,0.007017281,0.002327328,0.002720785,0.01594595,0.01110073,0.024006696,0.008769297,0.012422689,0.006620681,0.012148591,0.004205648,0.018067765,0.008194534,0.007530527,0.00765568,0.004086452,0.003172782,0.004187641,0.007246047,0.020720556,0.004425403,0.008910963,0.004489673,0.005187206,0.006572474,0.006154041,0.005628975,0.012655353,0.005915377,0.014456656,0.007851084,0.005910214,0.020253429,0.024208662,0.014753158,0.00789789,0.006941039,0.004660272,0.012729799,0.005448999,0.005100049,0.004396611,0.005829732,0.001873906,21010.10908,42.48881789,2002,All
0.004383206,0.015047319,0.003376595,0.015089596,0.008522611,0.008911703,0.013464056,0.009158892,0.006156246,0.007678442,0.007791239,0.009654759,0.004110705,0.005694858,0.003166601,0.002083695,0.006040745,0.013158435,0.016932092,0.006542486,0.010103255,0.005835435,0.023499201,0.011036588,0.016596248,0.008155933,0.013252408,0.020966016,0.006484533,0.003188183,0.007393086,0.003369991,0.011206697,0.009652108,0.001981654,0.0034326,0.024745593,0.017102254,0.0066261,0.011248905,0.003760706,0.00462364,0.009249367,0.009194077,0.01206232,0.007579631,0.004964278,0.024428759,0.01073785,0.016063787,0.019185961,0.030058143,0.016001602,0.020346651,0.008117961,0.007735625,0.006329396,0.002868067,0.002987229,0.01275707,0.016688831,0.023648633,0.009901643,0.011782145,0.004891157,0.012040645,0.003646486,0.02158499,0.009159298,0.007782565,0.00653055,0.003627026,0.002286322,0.004693532,0.00807125,0.020329754,0.006698364,0.00974462,0.003685567,0.005466754,0.005559078,0.007457705,0.004513435,0.010586055,0.005581109,0.016342253,0.009400292,0.007263203,0.021170298,0.037160552,0.014223141,0.008873779,0.007837028,0.006429806,0.014274629,0.003630787,0.004612533,0.003469122,0.005660437,0.001801435,22137.85405,41.40250855,2003,All
0.005817974,0.016117043,0.002991651,0.014677186,0.008051276,0.009049915,0.014796312,0.013151925,0.003904281,0.008230622,0.006655925,0.009946337,0.00447672,0.006465158,0.003411026,0.002388698,0.005159757,0.010142343,0.016764982,0.007093217,0.010260339,0.007691306,0.026930948,0.010774998,0.019310552,0.00864823,0.014695555,0.022258719,0.006874902,0.004421452,0.008124378,0.003695723,0.011427858,0.009409072,0.002819311,0.003513513,0.022677889,0.018000782,0.007945143,0.010688513,0.004872938,0.005185604,0.008244869,0.011560569,0.012629208,0.005954426,0.004783319,0.025038016,0.010394496,0.018081159,0.019559303,0.030088718,0.014525248,0.018822967,0.007471331,0.005434797,0.006479798,0.003599344,0.002994816,0.013238149,0.012429536,0.02354982,0.009460852,0.014320919,0.005570825,0.012810085,0.005281852,0.018190337,0.009007854,0.008278087,0.0063978,0.004238726,0.003334995,0.005904927,0.0066584,0.016555832,0.005555254,0.00831158,0.004920367,0.004996267,0.005712007,0.004999662,0.004209498,0.010594896,0.00696693,0.015434442,0.009506466,0.007041663,0.019657101,0.028818795,0.014750503,0.00980577,0.007594713,0.005786885,0.012979148,0.004429701,0.007569377,0.003121889,0.005127067,0.00169857,22751.33308,45.76987131,2004,All
0.003880845,0.016075176,0.003243967,0.013762771,0.006507141,0.009991302,0.015172134,0.013078398,0.005515997,0.008050955,0.009146218,0.009989321,0.00377803,0.005810401,0.002841113,0.002595249,0.007014235,0.005999905,0.016676111,0.006237708,0.010722305,0.008334618,0.032990851,0.009825027,0.018416373,0.007562091,0.01559247,0.022192631,0.008292465,0.0042091,0.008257338,0.003177016,0.01212738,0.010609744,0.002777209,0.002721853,0.021916946,0.016787339,0.00883815,0.008650197,0.004474222,0.005698531,0.007813075,0.010360476,0.012257485,0.006897543,0.006112594,0.027819541,0.014607925,0.01739438,0.02173965,0.028910329,0.01314945,0.019350948,0.008878561,0.006364872,0.006439031,0.00295535,0.00307109,0.012080295,0.011603348,0.024831865,0.009602937,0.012765916,0.005260243,0.012559849,0.005295999,0.022741299,0.008014128,0.008428726,0.005901807,0.004600861,0.003431638,0.005455898,0.008434286,0.019253484,0.006161264,0.008218261,0.003306619,0.006363944,0.005906127,0.004824036,0.004338567,0.009184877,0.0069957,0.01665695,0.009174665,0.00537901,0.019862488,0.022664596,0.014807688,0.007138246,0.006974371,0.005907531,0.012468818,0.004697524,0.004443296,0.003706779,0.005189798,0.001703141,22770.51312,44.70129416,2005,All
0.004290979,0.014940938,0.003794305,0.011832858,0.008657858,0.007828869,0.014301532,0.016446055,0.005413102,0.007817617,0.009594219,0.00945497,0.004305329,0.006038982,0.003400897,0.003601487,0.012939862,0.00776135,0.016652441,0.005951597,0.009849545,0.007027594,0.024097065,0.010084049,0.017228814,0.00703111,0.01604849,0.025456949,0.008618588,0.003887519,0.008448995,0.004186819,0.012676244,0.011081595,0.002849646,0.003426892,0.024140591,0.016031694,0.008445934,0.010425237,0.004228021,0.005971714,0.009664919,0.011622312,0.013087608,0.007109759,0.005293232,0.028708275,0.009282754,0.020690764,0.021201348,0.029465076,0.011643343,0.02093203,0.008287146,0.006480024,0.006461615,0.003392802,0.003869481,0.012808165,0.011568905,0.023164124,0.009872552,0.011380202,0.005107167,0.01221421,0.005239632,0.018775028,0.008083433,0.007159569,0.005132033,0.003815889,0.002849489,0.004988675,0.007335638,0.01639854,0.005890291,0.008285827,0.003829485,0.005910919,0.005348156,0.005470707,0.003879745,0.009171421,0.005909816,0.015177713,0.007856826,0.005336274,0.01895588,0.025124249,0.01513227,0.009133833,0.008666135,0.005880443,0.013834357,0.005896778,0.006304303,0.003150775,0.004771292,0.001728412,22959.53989,45.07083599,2006,All
0.002874689,0.017199566,0.002740699,0.010074849,0.009964228,0.013454664,0.015648836,0.014594474,0.005846074,0.009797658,0.012032115,0.009403568,0.003748573,0.005778321,0.003312348,0.002580947,0.011305268,0.008132276,0.016710226,0.003993549,0.010730758,0.008419427,0.026631953,0.010495808,0.015272235,0.008670013,0.016972235,0.024972287,0.008708383,0.003253033,0.008519062,0.003102067,0.012351322,0.010456156,0.002409761,0.003558684,0.021291233,0.014021835,0.007697713,0.007566917,0.004376719,0.004193569,0.007012933,0.01136547,0.012285716,0.006621884,0.00417103,0.029820497,0.009771192,0.020722663,0.021879518,0.027930193,0.010613503,0.023004504,0.009491713,0.009076434,0.005680651,0.003892193,0.003656348,0.011375324,0.012192236,0.02408217,0.008991326,0.01184563,0.004004738,0.012834494,0.004719511,0.024547876,0.007808891,0.007193899,0.005072621,0.004821912,0.003164836,0.005110564,0.006949495,0.016216803,0.005796447,0.006895896,0.003502341,0.006078479,0.005339574,0.005618221,0.00395669,0.009111776,0.004915753,0.014300063,0.00875302,0.003482107,0.017837166,0.027593908,0.014747593,0.009327501,0.009468856,0.005740416,0.016052696,0.004918167,0.005596948,0.00328972,0.005200782,0.001683021,64123.1406,39.47656745,2007,All
0.003411035,0.016539415,0.004201516,0.011607727,0.008864141,0.009867716,0.013849228,0.016720943,0.004843197,0.009926232,0.023240368,0.008846135,0.003915808,0.006012796,0.004274557,0.002783301,0.009353496,0.00851802,0.015601467,0.004141921,0.009403073,0.006538412,0.024722785,0.010027523,0.015555794,0.007555775,0.019130124,0.023750897,0.008073113,0.003642146,0.008436378,0.003171631,0.012914774,0.010577956,0.003901204,0.002512157,0.022824189,0.016555725,0.006748934,0.006957163,0.004703665,0.002911061,0.007331681,0.011381572,0.011664145,0.006253674,0.004305512,0.025480098,0.010822304,0.018629486,0.019713725,0.028778139,0.00981427,0.02171766,0.008673173,0.007684294,0.005641933,0.002987755,0.003595567,0.011342825,0.016058912,0.021531211,0.01001261,0.01071021,0.00438006,0.012536827,0.005021257,0.023885153,0.006678469,0.007408319,0.004966023,0.003896865,0.003350316,0.005947867,0.007549396,0.015468711,0.006375879,0.007967308,0.003038648,0.00631796,0.005713049,0.005970505,0.004500905,0.008414494,0.006441848,0.010341507,0.008237413,0.003930554,0.018152505,0.031292665,0.01415793,0.011895505,0.008658134,0.006568844,0.016753237,0.004973915,0.007404275,0.003049315,0.005828335,0.001661755,63853.80034,38.48614682,2008,All
0.002833301,0.015324204,0.002552764,0.009662226,0.007006092,0.008601405,0.013435933,0.015625949,0.005930943,0.010484349,0.060445618,0.008482133,0.004248046,0.005335353,0.003363165,0.002491007,0.009867886,0.006498423,0.015403991,0.003871287,0.009049762,0.008197731,0.029985008,0.009166437,0.014551631,0.006713068,0.020284894,0.025009545,0.008478714,0.003712003,0.007281686,0.003635332,0.012071253,0.010888966,0.002527052,0.002718407,0.020173019,0.014764268,0.005944438,0.006323912,0.00421438,0.003183623,0.006529002,0.010834478,0.011643025,0.005801579,0.004146038,0.026846154,0.009809856,0.020508199,0.02074427,0.023714266,0.008780653,0.022420409,0.009707381,0.008830811,0.005696099,0.003365684,0.004081177,0.010233698,0.012255032,0.021994956,0.008576382,0.010663365,0.003833719,0.012404378,0.004758794,0.023156656,0.007808357,0.005718818,0.004925943,0.004020392,0.003049119,0.004904528,0.006659539,0.013969866,0.004967666,0.006450676,0.002997383,0.005242982,0.005529521,0.006873552,0.004189164,0.007902311,0.007435731,0.010652745,0.008454475,0.004074444,0.016206801,0.028451618,0.014350473,0.009959753,0.008652039,0.006390349,0.017473484,0.00453509,0.006452566,0.003252432,0.00513448,0.00163843,63482.71266,32.56774194,2009,All
0.002869716,0.016349706,0.002539532,0.009025955,0.005854136,0.008575527,0.013093129,0.021514488,0.004856026,0.012943091,0.029997303,0.008036458,0.00452785,0.005448986,0.0034557,0.002188887,0.009306594,0.006860958,0.015826733,0.003400689,0.009982859,0.013959084,0.024107394,0.009944049,0.014772386,0.009366245,0.021732313,0.02438514,0.010005235,0.003382122,0.007908873,0.003498442,0.012963586,0.010735379,0.004400769,0.003104815,0.019926974,0.014071882,0.006517585,0.006875116,0.00427303,0.003392233,0.007166691,0.012386912,0.011491372,0.004837761,0.004452515,0.027973206,0.010039701,0.019987599,0.021706012,0.024573777,0.008108693,0.02363071,0.009847707,0.00859204,0.005497205,0.003321379,0.004344872,0.010982599,0.013369606,0.023576028,0.010370928,0.009314863,0.003257721,0.013335008,0.004018657,0.027936821,0.007248184,0.007167425,0.004506687,0.0044815,0.00298766,0.005197725,0.006613494,0.014153708,0.005792754,0.007068102,0.00278404,0.00558977,0.005082716,0.005186641,0.004205259,0.008218149,0.004972543,0.010661067,0.008265257,0.003815448,0.01568854,0.032109085,0.014690696,0.01029693,0.008724898,0.006174119,0.018176502,0.004802318,0.005643307,0.003070569,0.004831046,0.001696505,63857.57405,32.39345712,2010,All
0.003082641,0.017338022,0.003550712,0.00895863,0.006085319,0.009512475,0.012150809,0.01760923,0.005716306,0.012367705,0.024898816,0.007877013,0.004375858,0.006408976,0.003095228,0.002829088,0.009207046,0.006854665,0.015666751,0.00554342,0.010233286,0.01809878,0.021615613,0.009737829,0.013871142,0.007303697,0.022234981,0.025431271,0.009068274,0.003840726,0.008895232,0.005766808,0.012718919,0.011134345,0.002478635,0.002699461,0.023087062,0.016109116,0.006278945,0.007648563,0.005544516,0.003153174,0.007098262,0.010632805,0.011183347,0.006925136,0.004644514,0.02677988,0.008002918,0.021084997,0.020464179,0.025154456,0.007798789,0.023642101,0.008635673,0.008859786,0.005714992,0.003045056,0.004035281,0.010440121,0.015319128,0.023954258,0.00909086,0.008631989,0.003956251,0.012994494,0.006401251,0.022721294,0.00675075,0.00637584,0.004331824,0.003643653,0.003780574,0.004419665,0.006655749,0.01357198,0.006321673,0.006856189,0.002929602,0.005262088,0.005223437,0.005516878,0.004062564,0.00797459,0.00399951,0.010591157,0.009686335,0.00498479,0.01570364,0.033347505,0.014709664,0.012209507,0.007782882,0.005543457,0.019055136,0.004357756,0.006870002,0.00316431,0.005378158,0.001648231,62992.81367,30.04555315,2011,All
0.003421643,0.015839332,0.004020298,0.008572986,0.00616221,0.008768098,0.011985242,0.01562067,0.009429411,0.013095878,0.031437944,0.008200652,0.004464838,0.006618532,0.003513838,0.002610584,0.010362302,0.006862955,0.015352386,0.004090425,0.009364204,0.010592825,0.023313477,0.008788346,0.013547802,0.006398228,0.023036411,0.02535994,0.008191506,0.00389372,0.01035647,0.005453285,0.013792156,0.01051376,0.003244455,0.002903389,0.023144383,0.015923085,0.005424758,0.008371238,0.006120703,0.003277867,0.007134133,0.010512798,0.011230345,0.005015763,0.005101002,0.027292433,0.007480795,0.020971352,0.021001375,0.022504992,0.008418545,0.029731103,0.008035248,0.008626593,0.005721472,0.003105055,0.003720963,0.010312678,0.014909669,0.022670243,0.009896682,0.009079534,0.004146596,0.012868431,0.004817169,0.023423295,0.006715322,0.00673463,0.004756065,0.004661768,0.003801443,0.004173651,0.007114329,0.012584547,0.006003969,0.006681034,0.003200362,0.004973982,0.005280338,0.007052272,0.003415161,0.008656051,0.005494677,0.008805399,0.009892514,0.004339406,0.015873702,0.030182213,0.012818625,0.014500776,0.00916572,0.00571929,0.016077529,0.006036149,0.006260774,0.003245715,0.004870887,0.001741205,63025.13988,26.47256569,2012,All
0.003215437,0.016100071,0.004229547,0.00798514,0.007733071,0.00859587,0.012807817,0.015676111,0.005796164,0.013647241,0.035616713,0.007809196,0.004151848,0.007679137,0.003183908,0.001941396,0.011187261,0.008385253,0.013886982,0.003934823,0.009334902,0.011759582,0.022536093,0.010408277,0.013010775,0.006368007,0.024558175,0.026533,0.008408785,0.003594217,0.008203624,0.00557451,0.014040696,0.010570471,0.002953196,0.002302232,0.022945847,0.011883931,0.005186681,0.007607319,0.006235896,0.003729521,0.006567187,0.010095755,0.011801736,0.005459804,0.004647783,0.026952528,0.008492354,0.022071708,0.02032931,0.024201862,0.008291232,0.028695098,0.008899373,0.009624358,0.005844832,0.003167884,0.003588531,0.010852372,0.015098347,0.021473091,0.009684317,0.008413963,0.004191056,0.012722563,0.006209987,0.021437087,0.006479942,0.006097589,0.004136554,0.003854992,0.003279841,0.004636376,0.007476156,0.012307476,0.006020485,0.007154666,0.002426906,0.005672516,0.005720072,0.007331213,0.003319203,0.008511973,0.004832602,0.010471274,0.010091983,0.003835181,0.014793377,0.030163116,0.013373166,0.014136176,0.007808743,0.006215081,0.018010321,0.004680538,0.007706922,0.003077209,0.004620508,0.001635005,63052.14368,23.6199923,2013,All
0.003125298,0.015326926,0.004781475,0.007082428,0.003884152,0.008056029,0.010849897,0.015310175,0.005966219,0.015244454,0.030474006,0.007540627,0.004547202,0.006551981,0.003404392,0.002122259,0.011366934,0.008151631,0.014539967,0.003316126,0.008760208,0.008769423,0.020367776,0.008546859,0.012276905,0.005476327,0.024288904,0.026423358,0.008033475,0.003483391,0.008609467,0.006860556,0.013280941,0.011403538,0.002551036,0.002534563,0.023640226,0.013359244,0.004235444,0.00940582,0.00577931,0.002897554,0.006399111,0.009442533,0.010828854,0.004972452,0.005054871,0.025807423,0.009111497,0.022010471,0.020960844,0.023136345,0.007086782,0.028276342,0.007376552,0.009180076,0.005786671,0.003622192,0.004066957,0.009473603,0.018691031,0.021753917,0.009203934,0.008178206,0.003482736,0.012816976,0.005418409,0.021586149,0.006396393,0.007269,0.004193899,0.003552404,0.004025335,0.005203784,0.006959149,0.01188729,0.006191336,0.007962095,0.002614225,0.004563847,0.005727249,0.008421133,0.003310518,0.009291223,0.005482044,0.013656463,0.010286808,0.0027718,0.014652593,0.038215881,0.014055715,0.015976941,0.008746572,0.00735814,0.023027898,0.004487328,0.00831744,0.002664303,0.004717442,0.001662311,62677.79808,20.26046842,2014,All
0.002911557,0.015249486,0.004850573,0.007628941,0.004871548,0.008532232,0.011975889,0.019287003,0.008404387,0.015602011,0.023557326,0.007290451,0.004598645,0.009762789,0.003345968,0.002419239,0.012438967,0.009616483,0.013451778,0.003385692,0.009062651,0.008061665,0.020474312,0.009075004,0.013909692,0.005869003,0.025152608,0.026057444,0.009462048,0.003382062,0.0093563,0.00725931,0.014286359,0.011283934,0.002872494,0.001945792,0.02289419,0.013357909,0.004129168,0.007716293,0.005587803,0.002695,0.008148156,0.010032919,0.011267997,0.005870585,0.005231971,0.025222066,0.006948443,0.018935293,0.019434471,0.02300141,0.007224522,0.026090828,0.007561202,0.008676404,0.006050564,0.004438626,0.003666705,0.008924533,0.018050443,0.022511534,0.008194911,0.007740518,0.003751358,0.012819425,0.006282096,0.019189659,0.006436374,0.006984578,0.004172541,0.003423309,0.005588704,0.004897682,0.008175221,0.010558025,0.006523786,0.00779451,0.002564232,0.004977427,0.006166233,0.010678228,0.002796298,0.010387766,0.005703667,0.010088748,0.00977315,0.002831467,0.014899112,0.036098398,0.013438707,0.017370163,0.008571523,0.006171154,0.023232631,0.004301263,0.0076928,0.002818771,0.004926529,0.001618356,62227.37919,18.87469328,2015,All
0.00238901,0.016341993,0.004432387,0.008001619,0.004737116,0.01089061,0.010493951,0.016583242,0.008141925,0.01577395,0.013981677,0.007370172,0.004446325,0.006559998,0.004004686,0.002703995,0.010733363,0.009403921,0.013409578,0.002795896,0.009282229,0.008515117,0.018919923,0.008836725,0.011506196,0.005346153,0.025044705,0.027182123,0.008095164,0.004198576,0.010578482,0.007379521,0.014376364,0.011646431,0.002878388,0.002408267,0.022832088,0.013280259,0.005107832,0.007107028,0.005395074,0.002410918,0.006071442,0.009274177,0.01032108,0.004860294,0.005612088,0.026015348,0.007464569,0.01974347,0.020953357,0.021913509,0.006757778,0.031261986,0.007658452,0.008368127,0.006255741,0.003729956,0.003767892,0.008623682,0.019160735,0.02473404,0.009905911,0.007743382,0.003592437,0.012997213,0.00586443,0.017594374,0.005920799,0.007072013,0.003649749,0.003582846,0.007763062,0.005426765,0.008227812,0.010745708,0.006457222,0.007746638,0.002604005,0.004403006,0.006822244,0.012830227,0.003341821,0.011537626,0.005962801,0.009648934,0.011029932,0.003111954,0.01509029,0.036637013,0.012162329,0.019419917,0.011730619,0.007974688,0.021667939,0.004603306,0.007637765,0.003269223,0.004429706,0.001723592,102967.3281,15.40248368,2016,All
0.00311889,0.015991571,0.007289274,0.008185067,0.005780558,0.009390314,0.010569324,0.018195355,0.008593003,0.016931449,0.019401321,0.007216736,0.004581819,0.007450668,0.00371976,0.002360585,0.010915713,0.009040552,0.013741114,0.002711528,0.008564147,0.008119475,0.01675,0.009189143,0.012372013,0.005722693,0.027410458,0.026788486,0.008747857,0.004044581,0.009475208,0.007720047,0.014912977,0.011363119,0.003681861,0.002680776,0.023526683,0.015275417,0.00437456,0.006990531,0.00616889,0.002702439,0.00592273,0.009064328,0.010537037,0.00522391,0.005353615,0.025603821,0.006569091,0.020402759,0.020865016,0.021556804,0.007241798,0.029418568,0.006700002,0.006401209,0.006096722,0.003369473,0.004338579,0.008450401,0.022332784,0.022751619,0.008077277,0.007629679,0.003501596,0.012447343,0.008477361,0.017053925,0.005811848,0.006943526,0.003795902,0.002870879,0.004770085,0.004528508,0.007979502,0.010988136,0.006062386,0.008155868,0.002474184,0.004409608,0.006276348,0.011393957,0.002712591,0.010596744,0.005560322,0.01051401,0.011113098,0.002751603,0.014930371,0.04120636,0.013441972,0.018191799,0.009652744,0.006632803,0.018132289,0.004287995,0.007243938,0.003740738,0.003971858,0.001704618,103599.2954,13.27877044,2017,All
0.002749397,0.016693236,0.005238803,0.007649733,0.00519317,0.009260319,0.010445618,0.016338165,0.007248506,0.016843276,0.023720901,0.007387511,0.004344699,0.007368537,0.00435377,0.002508445,0.012275577,0.008645111,0.013246615,0.003114752,0.009239326,0.009363894,0.0213642,0.008593999,0.012065195,0.00663246,0.028324941,0.028504095,0.00791108,0.003860671,0.009258033,0.007098058,0.014777848,0.012138673,0.0029729,0.002511823,0.021792061,0.0151941,0.004009084,0.006779636,0.006599823,0.002192163,0.005394786,0.009067915,0.010879388,0.005466886,0.005042777,0.026003398,0.00749803,0.021607065,0.021488106,0.021382999,0.006411204,0.029589993,0.007091259,0.006065769,0.005757631,0.003620386,0.004399312,0.008284537,0.020392041,0.023258287,0.009159588,0.007127656,0.003235894,0.013391414,0.006479324,0.016393539,0.005993473,0.007128855,0.00379931,0.00349324,0.005416181,0.0047862,0.008820707,0.010281375,0.006127286,0.007329793,0.00228322,0.004508451,0.006473316,0.013223708,0.002844786,0.009714682,0.005025734,0.010149789,0.012510119,0.002488177,0.014947853,0.036149029,0.013667906,0.017428868,0.009428557,0.006601715,0.018866547,0.004570154,0.00744255,0.002969807,0.003567442,0.001661785,103409.78,10.16153952,2018,All
0.002737542,0.016411347,0.004933256,0.00754758,0.004500631,0.010006363,0.009167459,0.015314945,0.011200845,0.017514441,0.014693654,0.006699161,0.00452536,0.006820138,0.004528672,0.003186131,0.01190325,0.008579314,0.013020291,0.002360634,0.008894323,0.008980101,0.021538235,0.009794024,0.011981767,0.006449814,0.027031124,0.027798033,0.008302635,0.004383927,0.010458041,0.007685001,0.014427971,0.011921549,0.002643184,0.002391788,0.022320758,0.014227485,0.005510245,0.006932808,0.006413959,0.002611749,0.005337392,0.009983676,0.010257048,0.005139316,0.00558558,0.025855056,0.008541181,0.0198988,0.021279881,0.020983385,0.00707916,0.027755576,0.006315125,0.005709772,0.006303089,0.003832283,0.004861294,0.008646128,0.022272375,0.02329138,0.00780664,0.007173287,0.003246657,0.012705613,0.006920401,0.014399046,0.005739694,0.007854352,0.00365752,0.003119012,0.00500455,0.005321887,0.008621741,0.010486386,0.006375481,0.008576979,0.002343745,0.003811175,0.007302963,0.011803216,0.00309407,0.012134575,0.005663244,0.010078369,0.012245566,0.002317869,0.014681878,0.040691881,0.013239321,0.017900769,0.011220009,0.006463014,0.019420115,0.004525123,0.007952987,0.003163539,0.004003752,0.001656546,103453.0765,6.279297621,2019,All
0.002487943,0.016547137,0.006606022,0.009313341,0.003450668,0.008079001,0.009055542,0.013939988,0.014870101,0.015923277,0.012327553,0.006817104,0.004554866,0.006390915,0.005586097,0.004102103,0.011658942,0.00881593,0.011884101,0.002590463,0.008356813,0.008957817,0.020403023,0.008582361,0.012524394,0.004950729,0.02729214,0.027545683,0.007954827,0.004049272,0.011096906,0.007610796,0.014337504,0.011170043,0.003608967,0.002152765,0.022367671,0.017982048,0.005050956,0.007280633,0.005889679,0.002191478,0.00468924,0.009900962,0.010152343,0.005043277,0.006094332,0.024846909,0.008311699,0.021619932,0.020624061,0.019385219,0.005930563,0.029240251,0.006463123,0.005285352,0.006272239,0.003106416,0.005059751,0.007799739,0.023057149,0.023459394,0.008565969,0.007583278,0.003282778,0.011936796,0.005937022,0.013520825,0.005898789,0.00685924,0.003092418,0.003544536,0.005206264,0.007758963,0.009231009,0.009924847,0.005614778,0.008581424,0.002230299,0.003791572,0.007912325,0.013085632,0.002619972,0.014178641,0.005064002,0.00972721,0.013269905,0.002292702,0.014736816,0.039932155,0.012935777,0.021325227,0.011823299,0.006369586,0.017213646,0.005318575,0.008409512,0.003457681,0.003430984,0.001635997,103444.4095,3.270680684,2020,All
0.001813644,0.013316609,0.003409048,0.007599048,0.002376477,0.003429579,0.011135172,0.021582063,0.005299915,0.019007386,0.011991899,0.007980747,0.004844108,0.009320078,0.002927565,0.003045044,0.006570452,0.021360637,0.010851274,0.002223291,0.007390794,0.003412819,0.004420623,0.010458678,0.01026328,0.004387335,0.034176313,0.036343084,0.008069283,0.002447836,0.011524546,0.016725086,0.015612715,0.014425435,0.001555091,0.001441569,0.021791979,0.018245631,0.003291728,0.005063975,0.003553764,0.00302534,0.004117313,0.01242081,0.010017503,0.004911356,0.004345646,0.029295658,0.003287572,0.030147522,0.021333625,0.024888845,0.004485195,0.023349746,0.004980929,0.00192041,0.006156735,0.002000049,0.00222151,0.008456979,0.042020722,0.011182431,0.006289107,0.006167127,0.002788179,0.010704324,0.005916784,0.016374355,0.005829914,0.008986754,0.002757758,0.002481741,0.002007609,0.003282315,0.011150526,0.008819572,0.006176133,0.009149593,0.001959445,0.005491514,0.005710805,0.027758663,0.00198189,0.012587862,0.002794389,0.016604539,0.009426389,0.001906412,0.011369662,0.046618366,0.01389003,0.015713114,0.006741428,0.008284383,0.023657936,0.006636842,0.007266368,0.002043433,0.002013233,0.001410009,103681.7865,1.927554981,2021,All